uce_id;uci_id;grupo;n_participantes;sexo_predominante_responsaveis;sexo_predominante_pacientexs;escolaridade_predominante;regiao_predominante;tumor_predominante;tempo_tto_faixa;desnutricao_grupo;sne_grupo;sne_xp_grupo;n_tokens;n_active;classe_py;classe_r
grupo1__uce0001;grupo1;G1;6;feminino;masculino;medio;sudeste;solido;4-6 meses;1;0;1;54;8;2;2
grupo1__uce0002;grupo1;G1;6;feminino;masculino;medio;sudeste;solido;4-6 meses;1;0;1;66;13;1;1
grupo1__uce0003;grupo1;G1;6;feminino;masculino;medio;sudeste;solido;4-6 meses;1;0;1;68;19;1;1
grupo1__uce0004;grupo1;G1;6;feminino;masculino;medio;sudeste;solido;4-6 meses;1;0;1;53;10;2;2
grupo1__uce0005;grupo1;G1;6;feminino;masculino;medio;sudeste;solido;4-6 meses;1;0;1;47;12;2;2
grupo1__uce0006;grupo1;G1;6;feminino;masculino;medio;sudeste;solido;4-6 meses;1;0;1;56;14;2;2
grupo1__uce0007;grupo1;G1;6;feminino;masculino;medio;sudeste;solido;4-6 meses;1;0;1;40;9;2;2
grupo1__uce0008;grupo1;G1;6;feminino;masculino;medio;sudeste;solido;4-6 meses;1;0;1;47;15;2;2
grupo1__uce0009;grupo1;G1;6;feminino;masculino;medio;sudeste;solido;4-6 meses;1;0;1;47;14;2;2
grupo1__uce0010;grupo1;G1;6;feminino;masculino;medio;sudeste;solido;4-6 meses;1;0;1;43;10;2;2
grupo1__uce0011;grupo1;G1;6;feminino;masculino;medio;sudeste;solido;4-6 meses;1;0;1;56;12;2;2
grupo1__uce0012;grupo1;G1;6;feminino;masculino;medio;sudeste;solido;4-6 meses;1;0;1;49;18;2;2
grupo1__uce0013;grupo1;G1;6;feminino;masculino;medio;sudeste;solido;4-6 meses;1;0;1;40;11;2;2
grupo1__uce0014;grupo1;G1;6;feminino;masculino;medio;sudeste;solido;4-6 meses;1;0;1;49;15;1;1
grupo1__uce0015;grupo1;G1;6;feminino;masculino;medio;sudeste;solido;4-6 meses;1;0;1;42;10;1;1
grupo1__uce0016;grupo1;G1;6;feminino;masculino;medio;sudeste;solido;4-6 meses;1;0;1;40;11;1;1
grupo1__uce0017;grupo1;G1;6;feminino;masculino;medio;sudeste;solido;4-6 meses;1;0;1;46;17;2;2
grupo1__uce0018;grupo1;G1;6;feminino;masculino;medio;sudeste;solido;4-6 meses;1;0;1;41;12;2;2
grupo1__uce0019;grupo1;G1;6;feminino;masculino;medio;sudeste;solido;4-6 meses;1;0;1;60;21;2;2
grupo1__uce0020;grupo1;G1;6;feminino;masculino;medio;sudeste;solido;4-6 meses;1;0;1;41;12;2;2
grupo1__uce0021;grupo1;G1;6;feminino;masculino;medio;sudeste;solido;4-6 meses;1;0;1;68;12;2;2
grupo1__uce0022;grupo1;G1;6;feminino;masculino;medio;sudeste;solido;4-6 meses;1;0;1;40;5;2;2
grupo1__uce0023;grupo1;G1;6;feminino;masculino;medio;sudeste;solido;4-6 meses;1;0;1;63;7;1;1
grupo1__uce0024;grupo1;G1;6;feminino;masculino;medio;sudeste;solido;4-6 meses;1;0;1;51;12;1;1
grupo1__uce0025;grupo1;G1;6;feminino;masculino;medio;sudeste;solido;4-6 meses;1;0;1;56;9;3;3
grupo1__uce0026;grupo1;G1;6;feminino;masculino;medio;sudeste;solido;4-6 meses;1;0;1;46;14;1;1
grupo1__uce0027;grupo1;G1;6;feminino;masculino;medio;sudeste;solido;4-6 meses;1;0;1;40;8;1;3
grupo1__uce0028;grupo1;G1;6;feminino;masculino;medio;sudeste;solido;4-6 meses;1;0;1;46;9;2;2
grupo1__uce0029;grupo1;G1;6;feminino;masculino;medio;sudeste;solido;4-6 meses;1;0;1;40;11;1;1
grupo1__uce0030;grupo1;G1;6;feminino;masculino;medio;sudeste;solido;4-6 meses;1;0;1;47;11;2;2
grupo1__uce0031;grupo1;G1;6;feminino;masculino;medio;sudeste;solido;4-6 meses;1;0;1;58;12;2;2
grupo1__uce0032;grupo1;G1;6;feminino;masculino;medio;sudeste;solido;4-6 meses;1;0;1;57;16;2;2
grupo1__uce0033;grupo1;G1;6;feminino;masculino;medio;sudeste;solido;4-6 meses;1;0;1;46;16;1;1
grupo1__uce0034;grupo1;G1;6;feminino;masculino;medio;sudeste;solido;4-6 meses;1;0;1;47;9;1;1
grupo1__uce0035;grupo1;G1;6;feminino;masculino;medio;sudeste;solido;4-6 meses;1;0;1;41;13;1;1
grupo1__uce0036;grupo1;G1;6;feminino;masculino;medio;sudeste;solido;4-6 meses;1;0;1;48;12;1;1
grupo1__uce0037;grupo1;G1;6;feminino;masculino;medio;sudeste;solido;4-6 meses;1;0;1;45;11;1;1
grupo1__uce0038;grupo1;G1;6;feminino;masculino;medio;sudeste;solido;4-6 meses;1;0;1;41;13;1;1
grupo1__uce0039;grupo1;G1;6;feminino;masculino;medio;sudeste;solido;4-6 meses;1;0;1;46;12;1;1
grupo1__uce0040;grupo1;G1;6;feminino;masculino;medio;sudeste;solido;4-6 meses;1;0;1;42;11;1;1
grupo1__uce0041;grupo1;G1;6;feminino;masculino;medio;sudeste;solido;4-6 meses;1;0;1;52;10;1;1
grupo1__uce0042;grupo1;G1;6;feminino;masculino;medio;sudeste;solido;4-6 meses;1;0;1;58;10;1;1
grupo1__uce0043;grupo1;G1;6;feminino;masculino;medio;sudeste;solido;4-6 meses;1;0;1;46;9;1;1
grupo1__uce0044;grupo1;G1;6;feminino;masculino;medio;sudeste;solido;4-6 meses;1;0;1;46;8;1;1
grupo1__uce0045;grupo1;G1;6;feminino;masculino;medio;sudeste;solido;4-6 meses;1;0;1;60;17;1;1
grupo1__uce0046;grupo1;G1;6;feminino;masculino;medio;sudeste;solido;4-6 meses;1;0;1;42;5;2;2
grupo1__uce0047;grupo1;G1;6;feminino;masculino;medio;sudeste;solido;4-6 meses;1;0;1;48;13;1;1
grupo1__uce0048;grupo1;G1;6;feminino;masculino;medio;sudeste;solido;4-6 meses;1;0;1;46;12;1;1
grupo1__uce0049;grupo1;G1;6;feminino;masculino;medio;sudeste;solido;4-6 meses;1;0;1;43;13;1;1
grupo1__uce0050;grupo1;G1;6;feminino;masculino;medio;sudeste;solido;4-6 meses;1;0;1;45;8;1;3
grupo1__uce0051;grupo1;G1;6;feminino;masculino;medio;sudeste;solido;4-6 meses;1;0;1;42;7;1;1
grupo1__uce0052;grupo1;G1;6;feminino;masculino;medio;sudeste;solido;4-6 meses;1;0;1;48;11;1;1
grupo1__uce0053;grupo1;G1;6;feminino;masculino;medio;sudeste;solido;4-6 meses;1;0;1;51;9;1;3
grupo1__uce0054;grupo1;G1;6;feminino;masculino;medio;sudeste;solido;4-6 meses;1;0;1;43;7;1;3
grupo1__uce0055;grupo1;G1;6;feminino;masculino;medio;sudeste;solido;4-6 meses;1;0;1;65;15;1;3
grupo1__uce0056;grupo1;G1;6;feminino;masculino;medio;sudeste;solido;4-6 meses;1;0;1;42;6;2;2
grupo2__uce0000;grupo2;G2;6;masculino;masculino;superior;norte;solido;4-6 meses;1;0;1;48;6;1;1
grupo2__uce0001;grupo2;G2;6;masculino;masculino;superior;norte;solido;4-6 meses;1;0;1;62;8;1;1
grupo2__uce0002;grupo2;G2;6;masculino;masculino;superior;norte;solido;4-6 meses;1;0;1;55;11;1;1
grupo2__uce0003;grupo2;G2;6;masculino;masculino;superior;norte;solido;4-6 meses;1;0;1;45;9;1;1
grupo2__uce0004;grupo2;G2;6;masculino;masculino;superior;norte;solido;4-6 meses;1;0;1;49;11;2;2
grupo2__uce0005;grupo2;G2;6;masculino;masculino;superior;norte;solido;4-6 meses;1;0;1;51;9;2;2
grupo2__uce0006;grupo2;G2;6;masculino;masculino;superior;norte;solido;4-6 meses;1;0;1;41;7;1;1
grupo2__uce0007;grupo2;G2;6;masculino;masculino;superior;norte;solido;4-6 meses;1;0;1;52;13;1;1
grupo2__uce0008;grupo2;G2;6;masculino;masculino;superior;norte;solido;4-6 meses;1;0;1;46;10;2;2
grupo2__uce0009;grupo2;G2;6;masculino;masculino;superior;norte;solido;4-6 meses;1;0;1;45;11;1;1
grupo2__uce0010;grupo2;G2;6;masculino;masculino;superior;norte;solido;4-6 meses;1;0;1;79;19;2;2
grupo2__uce0011;grupo2;G2;6;masculino;masculino;superior;norte;solido;4-6 meses;1;0;1;42;13;1;1
grupo2__uce0012;grupo2;G2;6;masculino;masculino;superior;norte;solido;4-6 meses;1;0;1;40;11;2;2
grupo2__uce0013;grupo2;G2;6;masculino;masculino;superior;norte;solido;4-6 meses;1;0;1;46;10;2;2
grupo2__uce0014;grupo2;G2;6;masculino;masculino;superior;norte;solido;4-6 meses;1;0;1;61;13;2;2
grupo2__uce0015;grupo2;G2;6;masculino;masculino;superior;norte;solido;4-6 meses;1;0;1;64;13;2;2
grupo2__uce0016;grupo2;G2;6;masculino;masculino;superior;norte;solido;4-6 meses;1;0;1;41;12;2;2
grupo2__uce0017;grupo2;G2;6;masculino;masculino;superior;norte;solido;4-6 meses;1;0;1;41;13;2;2
grupo2__uce0018;grupo2;G2;6;masculino;masculino;superior;norte;solido;4-6 meses;1;0;1;49;14;2;2
grupo2__uce0019;grupo2;G2;6;masculino;masculino;superior;norte;solido;4-6 meses;1;0;1;53;7;2;2
grupo2__uce0020;grupo2;G2;6;masculino;masculino;superior;norte;solido;4-6 meses;1;0;1;47;12;1;1
grupo2__uce0021;grupo2;G2;6;masculino;masculino;superior;norte;solido;4-6 meses;1;0;1;51;10;2;2
grupo2__uce0022;grupo2;G2;6;masculino;masculino;superior;norte;solido;4-6 meses;1;0;1;50;9;1;1
grupo2__uce0023;grupo2;G2;6;masculino;masculino;superior;norte;solido;4-6 meses;1;0;1;49;10;1;1
grupo2__uce0024;grupo2;G2;6;masculino;masculino;superior;norte;solido;4-6 meses;1;0;1;47;10;1;1
grupo2__uce0025;grupo2;G2;6;masculino;masculino;superior;norte;solido;4-6 meses;1;0;1;49;9;1;1
grupo2__uce0026;grupo2;G2;6;masculino;masculino;superior;norte;solido;4-6 meses;1;0;1;45;10;1;1
grupo2__uce0027;grupo2;G2;6;masculino;masculino;superior;norte;solido;4-6 meses;1;0;1;43;6;1;1
grupo2__uce0028;grupo2;G2;6;masculino;masculino;superior;norte;solido;4-6 meses;1;0;1;47;10;1;1
grupo2__uce0029;grupo2;G2;6;masculino;masculino;superior;norte;solido;4-6 meses;1;0;1;61;17;1;1
grupo2__uce0030;grupo2;G2;6;masculino;masculino;superior;norte;solido;4-6 meses;1;0;1;58;13;1;1
grupo2__uce0031;grupo2;G2;6;masculino;masculino;superior;norte;solido;4-6 meses;1;0;1;43;9;1;1
grupo2__uce0032;grupo2;G2;6;masculino;masculino;superior;norte;solido;4-6 meses;1;0;1;45;9;1;1
grupo2__uce0033;grupo2;G2;6;masculino;masculino;superior;norte;solido;4-6 meses;1;0;1;49;12;2;2
grupo2__uce0034;grupo2;G2;6;masculino;masculino;superior;norte;solido;4-6 meses;1;0;1;47;8;1;1
grupo2__uce0035;grupo2;G2;6;masculino;masculino;superior;norte;solido;4-6 meses;1;0;1;73;13;1;1
grupo2__uce0036;grupo2;G2;6;masculino;masculino;superior;norte;solido;4-6 meses;1;0;1;54;15;1;1
grupo2__uce0037;grupo2;G2;6;masculino;masculino;superior;norte;solido;4-6 meses;1;0;1;52;15;1;1
grupo2__uce0038;grupo2;G2;6;masculino;masculino;superior;norte;solido;4-6 meses;1;0;1;49;6;1;3
grupo2__uce0039;grupo2;G2;6;masculino;masculino;superior;norte;solido;4-6 meses;1;0;1;41;7;2;2
grupo2__uce0040;grupo2;G2;6;masculino;masculino;superior;norte;solido;4-6 meses;1;0;1;41;10;1;1
grupo2__uce0041;grupo2;G2;6;masculino;masculino;superior;norte;solido;4-6 meses;1;0;1;56;11;1;1
grupo2__uce0042;grupo2;G2;6;masculino;masculino;superior;norte;solido;4-6 meses;1;0;1;47;12;1;1
grupo2__uce0043;grupo2;G2;6;masculino;masculino;superior;norte;solido;4-6 meses;1;0;1;45;9;1;1
grupo2__uce0044;grupo2;G2;6;masculino;masculino;superior;norte;solido;4-6 meses;1;0;1;49;14;1;1
grupo2__uce0045;grupo2;G2;6;masculino;masculino;superior;norte;solido;4-6 meses;1;0;1;40;13;2;2
grupo2__uce0046;grupo2;G2;6;masculino;masculino;superior;norte;solido;4-6 meses;1;0;1;42;14;2;2
grupo2__uce0047;grupo2;G2;6;masculino;masculino;superior;norte;solido;4-6 meses;1;0;1;52;16;2;2
grupo2__uce0048;grupo2;G2;6;masculino;masculino;superior;norte;solido;4-6 meses;1;0;1;47;13;2;2
grupo2__uce0049;grupo2;G2;6;masculino;masculino;superior;norte;solido;4-6 meses;1;0;1;52;5;1;1
grupo2__uce0050;grupo2;G2;6;masculino;masculino;superior;norte;solido;4-6 meses;1;0;1;40;15;2;2
grupo2__uce0051;grupo2;G2;6;masculino;masculino;superior;norte;solido;4-6 meses;1;0;1;54;5;1;3
grupo2__uce0052;grupo2;G2;6;masculino;masculino;superior;norte;solido;4-6 meses;1;0;1;41;7;1;1
grupo2__uce0053;grupo2;G2;6;masculino;masculino;superior;norte;solido;4-6 meses;1;0;1;61;18;1;1
grupo2__uce0054;grupo2;G2;6;masculino;masculino;superior;norte;solido;4-6 meses;1;0;1;52;10;1;1
grupo2__uce0055;grupo2;G2;6;masculino;masculino;superior;norte;solido;4-6 meses;1;0;1;41;11;1;1
grupo2__uce0056;grupo2;G2;6;masculino;masculino;superior;norte;solido;4-6 meses;1;0;1;43;8;1;1
grupo2__uce0057;grupo2;G2;6;masculino;masculino;superior;norte;solido;4-6 meses;1;0;1;46;7;1;1
grupo2__uce0058;grupo2;G2;6;masculino;masculino;superior;norte;solido;4-6 meses;1;0;1;49;12;2;2
grupo2__uce0059;grupo2;G2;6;masculino;masculino;superior;norte;solido;4-6 meses;1;0;1;44;11;1;1
grupo2__uce0060;grupo2;G2;6;masculino;masculino;superior;norte;solido;4-6 meses;1;0;1;44;10;2;2
grupo2__uce0061;grupo2;G2;6;masculino;masculino;superior;norte;solido;4-6 meses;1;0;1;56;11;3;3
grupo2__uce0062;grupo2;G2;6;masculino;masculino;superior;norte;solido;4-6 meses;1;0;1;46;11;3;3
grupo2__uce0063;grupo2;G2;6;masculino;masculino;superior;norte;solido;4-6 meses;1;0;1;75;21;1;1
grupo2__uce0064;grupo2;G2;6;masculino;masculino;superior;norte;solido;4-6 meses;1;0;1;49;10;2;2
grupo2__uce0065;grupo2;G2;6;masculino;masculino;superior;norte;solido;4-6 meses;1;0;1;44;12;2;2
grupo2__uce0066;grupo2;G2;6;masculino;masculino;superior;norte;solido;4-6 meses;1;0;1;64;18;2;2
grupo2__uce0067;grupo2;G2;6;masculino;masculino;superior;norte;solido;4-6 meses;1;0;1;51;12;2;2
grupo2__uce0068;grupo2;G2;6;masculino;masculino;superior;norte;solido;4-6 meses;1;0;1;49;12;2;2
grupo2__uce0069;grupo2;G2;6;masculino;masculino;superior;norte;solido;4-6 meses;1;0;1;48;15;2;2
grupo2__uce0070;grupo2;G2;6;masculino;masculino;superior;norte;solido;4-6 meses;1;0;1;50;16;2;2
grupo3__uce0000;grupo3;G3;6;feminino;feminino;medio;centro-oeste;solido;0-3 meses;3;1;1;54;16;1;1
grupo3__uce0001;grupo3;G3;6;feminino;feminino;medio;centro-oeste;solido;0-3 meses;3;1;1;47;14;1;1
grupo3__uce0002;grupo3;G3;6;feminino;feminino;medio;centro-oeste;solido;0-3 meses;3;1;1;56;17;2;2
grupo3__uce0003;grupo3;G3;6;feminino;feminino;medio;centro-oeste;solido;0-3 meses;3;1;1;41;10;1;1
grupo3__uce0004;grupo3;G3;6;feminino;feminino;medio;centro-oeste;solido;0-3 meses;3;1;1;43;7;2;2
grupo3__uce0005;grupo3;G3;6;feminino;feminino;medio;centro-oeste;solido;0-3 meses;3;1;1;58;18;2;2
grupo3__uce0006;grupo3;G3;6;feminino;feminino;medio;centro-oeste;solido;0-3 meses;3;1;1;46;11;2;2
grupo3__uce0007;grupo3;G3;6;feminino;feminino;medio;centro-oeste;solido;0-3 meses;3;1;1;45;10;1;1
grupo3__uce0008;grupo3;G3;6;feminino;feminino;medio;centro-oeste;solido;0-3 meses;3;1;1;47;9;1;1
grupo3__uce0009;grupo3;G3;6;feminino;feminino;medio;centro-oeste;solido;0-3 meses;3;1;1;42;7;1;1
grupo3__uce0010;grupo3;G3;6;feminino;feminino;medio;centro-oeste;solido;0-3 meses;3;1;1;54;12;1;1
grupo3__uce0011;grupo3;G3;6;feminino;feminino;medio;centro-oeste;solido;0-3 meses;3;1;1;41;12;1;1
grupo3__uce0012;grupo3;G3;6;feminino;feminino;medio;centro-oeste;solido;0-3 meses;3;1;1;48;16;1;1
grupo3__uce0013;grupo3;G3;6;feminino;feminino;medio;centro-oeste;solido;0-3 meses;3;1;1;56;13;2;2
grupo3__uce0014;grupo3;G3;6;feminino;feminino;medio;centro-oeste;solido;0-3 meses;3;1;1;42;7;2;2
grupo3__uce0015;grupo3;G3;6;feminino;feminino;medio;centro-oeste;solido;0-3 meses;3;1;1;60;16;2;2
grupo3__uce0016;grupo3;G3;6;feminino;feminino;medio;centro-oeste;solido;0-3 meses;3;1;1;47;15;2;2
grupo3__uce0017;grupo3;G3;6;feminino;feminino;medio;centro-oeste;solido;0-3 meses;3;1;1;58;13;2;2
grupo3__uce0018;grupo3;G3;6;feminino;feminino;medio;centro-oeste;solido;0-3 meses;3;1;1;53;14;2;2
grupo3__uce0019;grupo3;G3;6;feminino;feminino;medio;centro-oeste;solido;0-3 meses;3;1;1;67;20;2;2
grupo3__uce0020;grupo3;G3;6;feminino;feminino;medio;centro-oeste;solido;0-3 meses;3;1;1;50;15;1;1
grupo3__uce0021;grupo3;G3;6;feminino;feminino;medio;centro-oeste;solido;0-3 meses;3;1;1;55;15;1;1
grupo3__uce0022;grupo3;G3;6;feminino;feminino;medio;centro-oeste;solido;0-3 meses;3;1;1;48;19;2;2
grupo3__uce0023;grupo3;G3;6;feminino;feminino;medio;centro-oeste;solido;0-3 meses;3;1;1;43;11;1;1
grupo3__uce0024;grupo3;G3;6;feminino;feminino;medio;centro-oeste;solido;0-3 meses;3;1;1;57;15;1;1
grupo3__uce0025;grupo3;G3;6;feminino;feminino;medio;centro-oeste;solido;0-3 meses;3;1;1;55;20;1;1
grupo3__uce0026;grupo3;G3;6;feminino;feminino;medio;centro-oeste;solido;0-3 meses;3;1;1;50;8;1;3
grupo3__uce0027;grupo3;G3;6;feminino;feminino;medio;centro-oeste;solido;0-3 meses;3;1;1;65;14;1;3
grupo3__uce0028;grupo3;G3;6;feminino;feminino;medio;centro-oeste;solido;0-3 meses;3;1;1;51;8;1;1
grupo3__uce0029;grupo3;G3;6;feminino;feminino;medio;centro-oeste;solido;0-3 meses;3;1;1;42;10;1;1
grupo3__uce0030;grupo3;G3;6;feminino;feminino;medio;centro-oeste;solido;0-3 meses;3;1;1;41;7;1;1
grupo3__uce0031;grupo3;G3;6;feminino;feminino;medio;centro-oeste;solido;0-3 meses;3;1;1;50;13;1;1
grupo3__uce0032;grupo3;G3;6;feminino;feminino;medio;centro-oeste;solido;0-3 meses;3;1;1;46;10;1;1
grupo3__uce0033;grupo3;G3;6;feminino;feminino;medio;centro-oeste;solido;0-3 meses;3;1;1;58;12;2;2
grupo3__uce0034;grupo3;G3;6;feminino;feminino;medio;centro-oeste;solido;0-3 meses;3;1;1;53;14;1;1
grupo3__uce0035;grupo3;G3;6;feminino;feminino;medio;centro-oeste;solido;0-3 meses;3;1;1;65;15;1;1
grupo3__uce0036;grupo3;G3;6;feminino;feminino;medio;centro-oeste;solido;0-3 meses;3;1;1;46;10;1;1
grupo3__uce0037;grupo3;G3;6;feminino;feminino;medio;centro-oeste;solido;0-3 meses;3;1;1;51;11;1;1
grupo3__uce0038;grupo3;G3;6;feminino;feminino;medio;centro-oeste;solido;0-3 meses;3;1;1;75;17;1;1
grupo3__uce0039;grupo3;G3;6;feminino;feminino;medio;centro-oeste;solido;0-3 meses;3;1;1;40;6;2;2
grupo3__uce0040;grupo3;G3;6;feminino;feminino;medio;centro-oeste;solido;0-3 meses;3;1;1;45;5;3;3
grupo3__uce0041;grupo3;G3;6;feminino;feminino;medio;centro-oeste;solido;0-3 meses;3;1;1;42;12;3;3
grupo3__uce0042;grupo3;G3;6;feminino;feminino;medio;centro-oeste;solido;0-3 meses;3;1;1;42;8;1;3
grupo3__uce0043;grupo3;G3;6;feminino;feminino;medio;centro-oeste;solido;0-3 meses;3;1;1;44;11;1;3
grupo3__uce0044;grupo3;G3;6;feminino;feminino;medio;centro-oeste;solido;0-3 meses;3;1;1;46;9;1;3
grupo3__uce0045;grupo3;G3;6;feminino;feminino;medio;centro-oeste;solido;0-3 meses;3;1;1;40;8;1;1
grupo3__uce0046;grupo3;G3;6;feminino;feminino;medio;centro-oeste;solido;0-3 meses;3;1;1;47;7;3;3
grupo3__uce0047;grupo3;G3;6;feminino;feminino;medio;centro-oeste;solido;0-3 meses;3;1;1;66;17;3;1
grupo3__uce0048;grupo3;G3;6;feminino;feminino;medio;centro-oeste;solido;0-3 meses;3;1;1;54;13;2;2
grupo3__uce0049;grupo3;G3;6;feminino;feminino;medio;centro-oeste;solido;0-3 meses;3;1;1;47;8;3;3
grupo3__uce0050;grupo3;G3;6;feminino;feminino;medio;centro-oeste;solido;0-3 meses;3;1;1;80;14;1;1
grupo3__uce0051;grupo3;G3;6;feminino;feminino;medio;centro-oeste;solido;0-3 meses;3;1;1;47;8;1;1
grupo3__uce0052;grupo3;G3;6;feminino;feminino;medio;centro-oeste;solido;0-3 meses;3;1;1;64;9;1;1
grupo3__uce0053;grupo3;G3;6;feminino;feminino;medio;centro-oeste;solido;0-3 meses;3;1;1;42;5;1;1
grupo3__uce0054;grupo3;G3;6;feminino;feminino;medio;centro-oeste;solido;0-3 meses;3;1;1;45;8;1;1
grupo3__uce0055;grupo3;G3;6;feminino;feminino;medio;centro-oeste;solido;0-3 meses;3;1;1;46;6;1;1
grupo3__uce0056;grupo3;G3;6;feminino;feminino;medio;centro-oeste;solido;0-3 meses;3;1;1;43;3;1;1
grupo3__uce0057;grupo3;G3;6;feminino;feminino;medio;centro-oeste;solido;0-3 meses;3;1;1;21;7;3;3
grupo5__uce0000;grupo5;G5;6;feminino;feminino;medio;sudeste;solido;0-3 meses;2;0;2;62;5;2;2
grupo5__uce0001;grupo5;G5;6;feminino;feminino;medio;sudeste;solido;0-3 meses;2;0;2;41;3;1;1
grupo5__uce0002;grupo5;G5;6;feminino;feminino;medio;sudeste;solido;0-3 meses;2;0;2;59;12;2;2
grupo5__uce0003;grupo5;G5;6;feminino;feminino;medio;sudeste;solido;0-3 meses;2;0;2;41;11;1;1
grupo5__uce0004;grupo5;G5;6;feminino;feminino;medio;sudeste;solido;0-3 meses;2;0;2;45;11;2;2
grupo5__uce0005;grupo5;G5;6;feminino;feminino;medio;sudeste;solido;0-3 meses;2;0;2;55;14;2;2
grupo5__uce0006;grupo5;G5;6;feminino;feminino;medio;sudeste;solido;0-3 meses;2;0;2;42;13;2;2
grupo5__uce0007;grupo5;G5;6;feminino;feminino;medio;sudeste;solido;0-3 meses;2;0;2;44;14;2;2
grupo5__uce0008;grupo5;G5;6;feminino;feminino;medio;sudeste;solido;0-3 meses;2;0;2;48;6;2;2
grupo5__uce0009;grupo5;G5;6;feminino;feminino;medio;sudeste;solido;0-3 meses;2;0;2;51;9;2;2
grupo5__uce0010;grupo5;G5;6;feminino;feminino;medio;sudeste;solido;0-3 meses;2;0;2;43;14;2;2
grupo5__uce0011;grupo5;G5;6;feminino;feminino;medio;sudeste;solido;0-3 meses;2;0;2;42;9;2;2
grupo5__uce0012;grupo5;G5;6;feminino;feminino;medio;sudeste;solido;0-3 meses;2;0;2;54;13;2;2
grupo5__uce0013;grupo5;G5;6;feminino;feminino;medio;sudeste;solido;0-3 meses;2;0;2;63;14;2;2
grupo5__uce0014;grupo5;G5;6;feminino;feminino;medio;sudeste;solido;0-3 meses;2;0;2;44;6;2;2
grupo5__uce0015;grupo5;G5;6;feminino;feminino;medio;sudeste;solido;0-3 meses;2;0;2;51;10;1;1
grupo5__uce0016;grupo5;G5;6;feminino;feminino;medio;sudeste;solido;0-3 meses;2;0;2;44;12;2;2
grupo5__uce0017;grupo5;G5;6;feminino;feminino;medio;sudeste;solido;0-3 meses;2;0;2;41;12;2;2
grupo5__uce0018;grupo5;G5;6;feminino;feminino;medio;sudeste;solido;0-3 meses;2;0;2;40;10;1;1
grupo5__uce0019;grupo5;G5;6;feminino;feminino;medio;sudeste;solido;0-3 meses;2;0;2;42;11;2;2
grupo5__uce0020;grupo5;G5;6;feminino;feminino;medio;sudeste;solido;0-3 meses;2;0;2;45;15;2;2
grupo5__uce0021;grupo5;G5;6;feminino;feminino;medio;sudeste;solido;0-3 meses;2;0;2;48;12;2;2
grupo5__uce0022;grupo5;G5;6;feminino;feminino;medio;sudeste;solido;0-3 meses;2;0;2;61;17;2;2
grupo5__uce0023;grupo5;G5;6;feminino;feminino;medio;sudeste;solido;0-3 meses;2;0;2;56;16;2;2
grupo5__uce0024;grupo5;G5;6;feminino;feminino;medio;sudeste;solido;0-3 meses;2;0;2;49;11;2;2
grupo5__uce0025;grupo5;G5;6;feminino;feminino;medio;sudeste;solido;0-3 meses;2;0;2;49;11;2;2
grupo5__uce0026;grupo5;G5;6;feminino;feminino;medio;sudeste;solido;0-3 meses;2;0;2;44;13;2;2
grupo5__uce0027;grupo5;G5;6;feminino;feminino;medio;sudeste;solido;0-3 meses;2;0;2;41;8;2;2
grupo5__uce0028;grupo5;G5;6;feminino;feminino;medio;sudeste;solido;0-3 meses;2;0;2;61;7;1;1
grupo5__uce0029;grupo5;G5;6;feminino;feminino;medio;sudeste;solido;0-3 meses;2;0;2;45;8;2;2
grupo5__uce0030;grupo5;G5;6;feminino;feminino;medio;sudeste;solido;0-3 meses;2;0;2;50;19;2;2
grupo5__uce0031;grupo5;G5;6;feminino;feminino;medio;sudeste;solido;0-3 meses;2;0;2;46;13;1;1
grupo5__uce0032;grupo5;G5;6;feminino;feminino;medio;sudeste;solido;0-3 meses;2;0;2;41;6;1;1
grupo5__uce0033;grupo5;G5;6;feminino;feminino;medio;sudeste;solido;0-3 meses;2;0;2;52;13;1;1
grupo5__uce0034;grupo5;G5;6;feminino;feminino;medio;sudeste;solido;0-3 meses;2;0;2;49;11;1;1
grupo5__uce0035;grupo5;G5;6;feminino;feminino;medio;sudeste;solido;0-3 meses;2;0;2;45;11;1;1
grupo5__uce0036;grupo5;G5;6;feminino;feminino;medio;sudeste;solido;0-3 meses;2;0;2;47;11;1;1
grupo5__uce0037;grupo5;G5;6;feminino;feminino;medio;sudeste;solido;0-3 meses;2;0;2;43;9;1;1
grupo5__uce0038;grupo5;G5;6;feminino;feminino;medio;sudeste;solido;0-3 meses;2;0;2;41;12;1;1
grupo5__uce0039;grupo5;G5;6;feminino;feminino;medio;sudeste;solido;0-3 meses;2;0;2;42;18;1;1
grupo5__uce0040;grupo5;G5;6;feminino;feminino;medio;sudeste;solido;0-3 meses;2;0;2;43;6;1;3
grupo5__uce0041;grupo5;G5;6;feminino;feminino;medio;sudeste;solido;0-3 meses;2;0;2;55;6;3;3
grupo5__uce0042;grupo5;G5;6;feminino;feminino;medio;sudeste;solido;0-3 meses;2;0;2;50;9;1;1
grupo5__uce0043;grupo5;G5;6;feminino;feminino;medio;sudeste;solido;0-3 meses;2;0;2;50;12;1;1
grupo5__uce0044;grupo5;G5;6;feminino;feminino;medio;sudeste;solido;0-3 meses;2;0;2;55;14;1;1
grupo5__uce0045;grupo5;G5;6;feminino;feminino;medio;sudeste;solido;0-3 meses;2;0;2;41;5;1;1
grupo5__uce0046;grupo5;G5;6;feminino;feminino;medio;sudeste;solido;0-3 meses;2;0;2;49;10;1;1
grupo5__uce0047;grupo5;G5;6;feminino;feminino;medio;sudeste;solido;0-3 meses;2;0;2;41;6;1;1
grupo5__uce0048;grupo5;G5;6;feminino;feminino;medio;sudeste;solido;0-3 meses;2;0;2;45;11;1;1
grupo5__uce0049;grupo5;G5;6;feminino;feminino;medio;sudeste;solido;0-3 meses;2;0;2;69;13;1;1
grupo5__uce0050;grupo5;G5;6;feminino;feminino;medio;sudeste;solido;0-3 meses;2;0;2;41;8;1;1
grupo5__uce0051;grupo5;G5;6;feminino;feminino;medio;sudeste;solido;0-3 meses;2;0;2;45;11;2;2
grupo5__uce0052;grupo5;G5;6;feminino;feminino;medio;sudeste;solido;0-3 meses;2;0;2;31;7;2;2
grupo6__uce0000;grupo6;G6;6;feminino;masculino;medio;centro-oeste;solido;0-3 meses;1;1;1;47;4;2;2
grupo6__uce0001;grupo6;G6;6;feminino;masculino;medio;centro-oeste;solido;0-3 meses;1;1;1;45;6;2;2
grupo6__uce0002;grupo6;G6;6;feminino;masculino;medio;centro-oeste;solido;0-3 meses;1;1;1;43;5;2;2
grupo6__uce0003;grupo6;G6;6;feminino;masculino;medio;centro-oeste;solido;0-3 meses;1;1;1;40;15;2;2
grupo6__uce0004;grupo6;G6;6;feminino;masculino;medio;centro-oeste;solido;0-3 meses;1;1;1;60;24;2;2
grupo6__uce0005;grupo6;G6;6;feminino;masculino;medio;centro-oeste;solido;0-3 meses;1;1;1;58;20;2;2
grupo6__uce0006;grupo6;G6;6;feminino;masculino;medio;centro-oeste;solido;0-3 meses;1;1;1;57;20;2;2
grupo6__uce0007;grupo6;G6;6;feminino;masculino;medio;centro-oeste;solido;0-3 meses;1;1;1;45;20;2;2
grupo6__uce0008;grupo6;G6;6;feminino;masculino;medio;centro-oeste;solido;0-3 meses;1;1;1;71;22;2;2
grupo6__uce0009;grupo6;G6;6;feminino;masculino;medio;centro-oeste;solido;0-3 meses;1;1;1;63;20;2;2
grupo6__uce0010;grupo6;G6;6;feminino;masculino;medio;centro-oeste;solido;0-3 meses;1;1;1;69;24;2;2
grupo6__uce0011;grupo6;G6;6;feminino;masculino;medio;centro-oeste;solido;0-3 meses;1;1;1;52;13;1;1
grupo6__uce0012;grupo6;G6;6;feminino;masculino;medio;centro-oeste;solido;0-3 meses;1;1;1;59;11;2;2
grupo6__uce0013;grupo6;G6;6;feminino;masculino;medio;centro-oeste;solido;0-3 meses;1;1;1;57;16;1;1
grupo6__uce0014;grupo6;G6;6;feminino;masculino;medio;centro-oeste;solido;0-3 meses;1;1;1;49;16;1;1
grupo6__uce0015;grupo6;G6;6;feminino;masculino;medio;centro-oeste;solido;0-3 meses;1;1;1;42;10;1;1
grupo6__uce0016;grupo6;G6;6;feminino;masculino;medio;centro-oeste;solido;0-3 meses;1;1;1;63;18;1;1
grupo6__uce0017;grupo6;G6;6;feminino;masculino;medio;centro-oeste;solido;0-3 meses;1;1;1;52;14;1;1
grupo6__uce0018;grupo6;G6;6;feminino;masculino;medio;centro-oeste;solido;0-3 meses;1;1;1;46;16;1;1
grupo6__uce0019;grupo6;G6;6;feminino;masculino;medio;centro-oeste;solido;0-3 meses;1;1;1;60;13;1;1
grupo6__uce0020;grupo6;G6;6;feminino;masculino;medio;centro-oeste;solido;0-3 meses;1;1;1;47;13;1;1
grupo6__uce0021;grupo6;G6;6;feminino;masculino;medio;centro-oeste;solido;0-3 meses;1;1;1;42;10;1;1
grupo6__uce0022;grupo6;G6;6;feminino;masculino;medio;centro-oeste;solido;0-3 meses;1;1;1;55;17;1;1
grupo6__uce0023;grupo6;G6;6;feminino;masculino;medio;centro-oeste;solido;0-3 meses;1;1;1;58;16;1;1
grupo6__uce0024;grupo6;G6;6;feminino;masculino;medio;centro-oeste;solido;0-3 meses;1;1;1;44;7;1;1
grupo6__uce0025;grupo6;G6;6;feminino;masculino;medio;centro-oeste;solido;0-3 meses;1;1;1;63;23;1;1
grupo6__uce0026;grupo6;G6;6;feminino;masculino;medio;centro-oeste;solido;0-3 meses;1;1;1;42;10;1;1
grupo6__uce0027;grupo6;G6;6;feminino;masculino;medio;centro-oeste;solido;0-3 meses;1;1;1;47;13;1;1
grupo6__uce0028;grupo6;G6;6;feminino;masculino;medio;centro-oeste;solido;0-3 meses;1;1;1;58;16;1;1
grupo6__uce0029;grupo6;G6;6;feminino;masculino;medio;centro-oeste;solido;0-3 meses;1;1;1;42;12;1;1
grupo6__uce0030;grupo6;G6;6;feminino;masculino;medio;centro-oeste;solido;0-3 meses;1;1;1;50;11;1;1
grupo6__uce0031;grupo6;G6;6;feminino;masculino;medio;centro-oeste;solido;0-3 meses;1;1;1;52;16;1;1
grupo6__uce0032;grupo6;G6;6;feminino;masculino;medio;centro-oeste;solido;0-3 meses;1;1;1;55;15;2;2
grupo6__uce0033;grupo6;G6;6;feminino;masculino;medio;centro-oeste;solido;0-3 meses;1;1;1;45;8;1;1
grupo6__uce0034;grupo6;G6;6;feminino;masculino;medio;centro-oeste;solido;0-3 meses;1;1;1;65;20;1;1
grupo6__uce0035;grupo6;G6;6;feminino;masculino;medio;centro-oeste;solido;0-3 meses;1;1;1;45;6;1;1
grupo6__uce0036;grupo6;G6;6;feminino;masculino;medio;centro-oeste;solido;0-3 meses;1;1;1;85;26;1;1
grupo6__uce0037;grupo6;G6;6;feminino;masculino;medio;centro-oeste;solido;0-3 meses;1;1;1;53;7;1;1
grupo6__uce0038;grupo6;G6;6;feminino;masculino;medio;centro-oeste;solido;0-3 meses;1;1;1;43;9;1;1
grupo6__uce0039;grupo6;G6;6;feminino;masculino;medio;centro-oeste;solido;0-3 meses;1;1;1;53;19;1;1
grupo6__uce0040;grupo6;G6;6;feminino;masculino;medio;centro-oeste;solido;0-3 meses;1;1;1;55;15;1;1
grupo6__uce0041;grupo6;G6;6;feminino;masculino;medio;centro-oeste;solido;0-3 meses;1;1;1;45;13;1;1
grupo6__uce0042;grupo6;G6;6;feminino;masculino;medio;centro-oeste;solido;0-3 meses;1;1;1;42;8;2;2
grupo6__uce0043;grupo6;G6;6;feminino;masculino;medio;centro-oeste;solido;0-3 meses;1;1;1;52;16;2;2
grupo6__uce0044;grupo6;G6;6;feminino;masculino;medio;centro-oeste;solido;0-3 meses;1;1;1;48;13;2;2
grupo6__uce0045;grupo6;G6;6;feminino;masculino;medio;centro-oeste;solido;0-3 meses;1;1;1;49;8;2;2
grupo6__uce0046;grupo6;G6;6;feminino;masculino;medio;centro-oeste;solido;0-3 meses;1;1;1;60;11;2;2
grupo6__uce0047;grupo6;G6;6;feminino;masculino;medio;centro-oeste;solido;0-3 meses;1;1;1;44;13;2;2
grupo6__uce0048;grupo6;G6;6;feminino;masculino;medio;centro-oeste;solido;0-3 meses;1;1;1;48;12;2;2
grupo6__uce0049;grupo6;G6;6;feminino;masculino;medio;centro-oeste;solido;0-3 meses;1;1;1;51;14;2;2
grupo6__uce0050;grupo6;G6;6;feminino;masculino;medio;centro-oeste;solido;0-3 meses;1;1;1;55;17;1;1
grupo6__uce0051;grupo6;G6;6;feminino;masculino;medio;centro-oeste;solido;0-3 meses;1;1;1;40;15;2;2
grupo6__uce0052;grupo6;G6;6;feminino;masculino;medio;centro-oeste;solido;0-3 meses;1;1;1;51;17;1;1
grupo6__uce0053;grupo6;G6;6;feminino;masculino;medio;centro-oeste;solido;0-3 meses;1;1;1;70;13;2;2
grupo6__uce0054;grupo6;G6;6;feminino;masculino;medio;centro-oeste;solido;0-3 meses;1;1;1;20;6;2;2
grupo7__uce0000;grupo7;G7;4;feminino;masculino;superior;sudeste;solido;0-3 meses;0;0;0;43;2;2;2
grupo7__uce0001;grupo7;G7;4;feminino;masculino;superior;sudeste;solido;0-3 meses;0;0;0;50;6;2;2
grupo7__uce0002;grupo7;G7;4;feminino;masculino;superior;sudeste;solido;0-3 meses;0;0;0;41;9;2;2
grupo7__uce0003;grupo7;G7;4;feminino;masculino;superior;sudeste;solido;0-3 meses;0;0;0;50;16;2;2
grupo7__uce0004;grupo7;G7;4;feminino;masculino;superior;sudeste;solido;0-3 meses;0;0;0;51;12;2;2
grupo7__uce0005;grupo7;G7;4;feminino;masculino;superior;sudeste;solido;0-3 meses;0;0;0;44;11;2;2
grupo7__uce0006;grupo7;G7;4;feminino;masculino;superior;sudeste;solido;0-3 meses;0;0;0;42;7;2;2
grupo7__uce0007;grupo7;G7;4;feminino;masculino;superior;sudeste;solido;0-3 meses;0;0;0;42;12;2;2
grupo7__uce0008;grupo7;G7;4;feminino;masculino;superior;sudeste;solido;0-3 meses;0;0;0;57;14;1;1
grupo7__uce0009;grupo7;G7;4;feminino;masculino;superior;sudeste;solido;0-3 meses;0;0;0;58;11;1;1
grupo7__uce0010;grupo7;G7;4;feminino;masculino;superior;sudeste;solido;0-3 meses;0;0;0;52;17;2;2
grupo7__uce0011;grupo7;G7;4;feminino;masculino;superior;sudeste;solido;0-3 meses;0;0;0;61;15;1;3
grupo7__uce0012;grupo7;G7;4;feminino;masculino;superior;sudeste;solido;0-3 meses;0;0;0;54;15;2;2
grupo7__uce0013;grupo7;G7;4;feminino;masculino;superior;sudeste;solido;0-3 meses;0;0;0;49;11;2;2
grupo7__uce0014;grupo7;G7;4;feminino;masculino;superior;sudeste;solido;0-3 meses;0;0;0;52;5;2;2
grupo7__uce0015;grupo7;G7;4;feminino;masculino;superior;sudeste;solido;0-3 meses;0;0;0;40;7;2;2
grupo7__uce0016;grupo7;G7;4;feminino;masculino;superior;sudeste;solido;0-3 meses;0;0;0;58;15;2;2
grupo7__uce0017;grupo7;G7;4;feminino;masculino;superior;sudeste;solido;0-3 meses;0;0;0;48;15;1;1
grupo7__uce0018;grupo7;G7;4;feminino;masculino;superior;sudeste;solido;0-3 meses;0;0;0;49;18;1;1
grupo7__uce0019;grupo7;G7;4;feminino;masculino;superior;sudeste;solido;0-3 meses;0;0;0;45;9;1;1
grupo7__uce0020;grupo7;G7;4;feminino;masculino;superior;sudeste;solido;0-3 meses;0;0;0;52;11;1;1
grupo7__uce0021;grupo7;G7;4;feminino;masculino;superior;sudeste;solido;0-3 meses;0;0;0;41;9;1;1
grupo7__uce0022;grupo7;G7;4;feminino;masculino;superior;sudeste;solido;0-3 meses;0;0;0;44;10;2;2
grupo7__uce0023;grupo7;G7;4;feminino;masculino;superior;sudeste;solido;0-3 meses;0;0;0;47;13;2;2
grupo7__uce0024;grupo7;G7;4;feminino;masculino;superior;sudeste;solido;0-3 meses;0;0;0;40;9;1;1
grupo7__uce0025;grupo7;G7;4;feminino;masculino;superior;sudeste;solido;0-3 meses;0;0;0;41;10;1;1
grupo7__uce0026;grupo7;G7;4;feminino;masculino;superior;sudeste;solido;0-3 meses;0;0;0;45;12;1;1
grupo7__uce0027;grupo7;G7;4;feminino;masculino;superior;sudeste;solido;0-3 meses;0;0;0;40;9;1;1
grupo7__uce0028;grupo7;G7;4;feminino;masculino;superior;sudeste;solido;0-3 meses;0;0;0;58;13;1;3
grupo7__uce0029;grupo7;G7;4;feminino;masculino;superior;sudeste;solido;0-3 meses;0;0;0;49;11;1;1
grupo7__uce0030;grupo7;G7;4;feminino;masculino;superior;sudeste;solido;0-3 meses;0;0;0;45;11;1;3
grupo7__uce0031;grupo7;G7;4;feminino;masculino;superior;sudeste;solido;0-3 meses;0;0;0;44;12;1;3
grupo7__uce0032;grupo7;G7;4;feminino;masculino;superior;sudeste;solido;0-3 meses;0;0;0;41;5;2;2
grupo7__uce0033;grupo7;G7;4;feminino;masculino;superior;sudeste;solido;0-3 meses;0;0;0;57;15;1;1
grupo7__uce0034;grupo7;G7;4;feminino;masculino;superior;sudeste;solido;0-3 meses;0;0;0;47;10;1;3
grupo7__uce0035;grupo7;G7;4;feminino;masculino;superior;sudeste;solido;0-3 meses;0;0;0;46;8;3;3
grupo7__uce0036;grupo7;G7;4;feminino;masculino;superior;sudeste;solido;0-3 meses;0;0;0;34;11;1;1
grupo8__uce0001;grupo8;G8;4;feminino;feminino;medio;centro-oeste;solido;7-12 meses;1;1;2;46;13;2;2
grupo8__uce0002;grupo8;G8;4;feminino;feminino;medio;centro-oeste;solido;7-12 meses;1;1;2;60;15;2;2
grupo8__uce0003;grupo8;G8;4;feminino;feminino;medio;centro-oeste;solido;7-12 meses;1;1;2;61;17;1;1
grupo8__uce0004;grupo8;G8;4;feminino;feminino;medio;centro-oeste;solido;7-12 meses;1;1;2;44;14;2;2
grupo8__uce0005;grupo8;G8;4;feminino;feminino;medio;centro-oeste;solido;7-12 meses;1;1;2;51;22;2;2
grupo8__uce0006;grupo8;G8;4;feminino;feminino;medio;centro-oeste;solido;7-12 meses;1;1;2;40;2;1;1
grupo8__uce0007;grupo8;G8;4;feminino;feminino;medio;centro-oeste;solido;7-12 meses;1;1;2;63;22;2;2
grupo8__uce0008;grupo8;G8;4;feminino;feminino;medio;centro-oeste;solido;7-12 meses;1;1;2;53;22;2;2
grupo8__uce0009;grupo8;G8;4;feminino;feminino;medio;centro-oeste;solido;7-12 meses;1;1;2;43;9;2;2
grupo8__uce0010;grupo8;G8;4;feminino;feminino;medio;centro-oeste;solido;7-12 meses;1;1;2;48;13;2;2
grupo8__uce0011;grupo8;G8;4;feminino;feminino;medio;centro-oeste;solido;7-12 meses;1;1;2;50;16;2;2
grupo8__uce0012;grupo8;G8;4;feminino;feminino;medio;centro-oeste;solido;7-12 meses;1;1;2;57;20;2;2
grupo8__uce0013;grupo8;G8;4;feminino;feminino;medio;centro-oeste;solido;7-12 meses;1;1;2;42;13;2;2
grupo8__uce0014;grupo8;G8;4;feminino;feminino;medio;centro-oeste;solido;7-12 meses;1;1;2;45;15;1;1
grupo8__uce0015;grupo8;G8;4;feminino;feminino;medio;centro-oeste;solido;7-12 meses;1;1;2;50;13;1;1
grupo8__uce0016;grupo8;G8;4;feminino;feminino;medio;centro-oeste;solido;7-12 meses;1;1;2;51;13;2;2
grupo8__uce0017;grupo8;G8;4;feminino;feminino;medio;centro-oeste;solido;7-12 meses;1;1;2;48;14;2;2
grupo8__uce0018;grupo8;G8;4;feminino;feminino;medio;centro-oeste;solido;7-12 meses;1;1;2;44;10;1;1
grupo8__uce0019;grupo8;G8;4;feminino;feminino;medio;centro-oeste;solido;7-12 meses;1;1;2;46;15;2;2
grupo8__uce0020;grupo8;G8;4;feminino;feminino;medio;centro-oeste;solido;7-12 meses;1;1;2;48;13;1;1
grupo8__uce0021;grupo8;G8;4;feminino;feminino;medio;centro-oeste;solido;7-12 meses;1;1;2;41;8;1;1
grupo8__uce0022;grupo8;G8;4;feminino;feminino;medio;centro-oeste;solido;7-12 meses;1;1;2;74;19;1;1
grupo8__uce0023;grupo8;G8;4;feminino;feminino;medio;centro-oeste;solido;7-12 meses;1;1;2;42;13;1;1
grupo8__uce0024;grupo8;G8;4;feminino;feminino;medio;centro-oeste;solido;7-12 meses;1;1;2;45;15;1;1
grupo8__uce0025;grupo8;G8;4;feminino;feminino;medio;centro-oeste;solido;7-12 meses;1;1;2;41;10;1;1
grupo8__uce0026;grupo8;G8;4;feminino;feminino;medio;centro-oeste;solido;7-12 meses;1;1;2;51;16;1;1
grupo8__uce0027;grupo8;G8;4;feminino;feminino;medio;centro-oeste;solido;7-12 meses;1;1;2;40;10;1;1
grupo8__uce0028;grupo8;G8;4;feminino;feminino;medio;centro-oeste;solido;7-12 meses;1;1;2;65;16;1;1
grupo8__uce0029;grupo8;G8;4;feminino;feminino;medio;centro-oeste;solido;7-12 meses;1;1;2;46;12;1;1
grupo8__uce0030;grupo8;G8;4;feminino;feminino;medio;centro-oeste;solido;7-12 meses;1;1;2;43;13;1;3
grupo8__uce0031;grupo8;G8;4;feminino;feminino;medio;centro-oeste;solido;7-12 meses;1;1;2;45;10;1;1
grupo8__uce0032;grupo8;G8;4;feminino;feminino;medio;centro-oeste;solido;7-12 meses;1;1;2;54;14;1;1
grupo8__uce0033;grupo8;G8;4;feminino;feminino;medio;centro-oeste;solido;7-12 meses;1;1;2;43;8;1;1
grupo8__uce0034;grupo8;G8;4;feminino;feminino;medio;centro-oeste;solido;7-12 meses;1;1;2;48;9;1;1
grupo8__uce0035;grupo8;G8;4;feminino;feminino;medio;centro-oeste;solido;7-12 meses;1;1;2;55;9;1;1
grupo8__uce0036;grupo8;G8;4;feminino;feminino;medio;centro-oeste;solido;7-12 meses;1;1;2;46;12;1;3
grupo8__uce0037;grupo8;G8;4;feminino;feminino;medio;centro-oeste;solido;7-12 meses;1;1;2;55;4;1;1
grupo8__uce0038;grupo8;G8;4;feminino;feminino;medio;centro-oeste;solido;7-12 meses;1;1;2;55;19;2;2
grupo8__uce0039;grupo8;G8;4;feminino;feminino;medio;centro-oeste;solido;7-12 meses;1;1;2;58;9;3;3
grupo8__uce0040;grupo8;G8;4;feminino;feminino;medio;centro-oeste;solido;7-12 meses;1;1;2;43;7;1;3
grupo8__uce0041;grupo8;G8;4;feminino;feminino;medio;centro-oeste;solido;7-12 meses;1;1;2;74;21;2;2
grupo8__uce0042;grupo8;G8;4;feminino;feminino;medio;centro-oeste;solido;7-12 meses;1;1;2;46;10;1;1
grupo8__uce0043;grupo8;G8;4;feminino;feminino;medio;centro-oeste;solido;7-12 meses;1;1;2;47;11;1;3
grupo8__uce0044;grupo8;G8;4;feminino;feminino;medio;centro-oeste;solido;7-12 meses;1;1;2;59;10;1;1
grupo8__uce0045;grupo8;G8;4;feminino;feminino;medio;centro-oeste;solido;7-12 meses;1;1;2;43;10;1;3
grupo8__uce0046;grupo8;G8;4;feminino;feminino;medio;centro-oeste;solido;7-12 meses;1;1;2;41;4;2;2
grupo8__uce0047;grupo8;G8;4;feminino;feminino;medio;centro-oeste;solido;7-12 meses;1;1;2;44;12;2;2
grupo8__uce0048;grupo8;G8;4;feminino;feminino;medio;centro-oeste;solido;7-12 meses;1;1;2;19;5;2;2
